{
  "assetsByChunkName": {
    "vendors~app-account~app-confirmation~app-order": "chunk.d12654da41d278b96b83.js",
    "vendors~app-account~app-checkout": "chunk.98a5c30459cec1a4af10.js",
    "vendors~app-cart~app-checkout": "chunk.7356e5b6aa2c4c5dc55f.js",
    "admin": [
      "admin.a5a4dda56ce65f760f8b.js",
      "admin.a5a4dda56ce65f760f8b.js.map"
    ],
    "app-account": "chunk.ba946831ab273271c181.js",
    "app-checkout": "chunk.d90deccaf9629e08b9ef.js",
    "app-confirmation": "chunk.a0809e1060348577ef5f.js",
    "checkout": [
      "checkout.e50b10ef366ce7ce9321.js",
      "checkout.e50b10ef366ce7ce9321.js.map"
    ],
    "storefront": [
      "storefront.00920bc26dd9f0157bc6.css",
      "storefront.faf86fef779eeff38c9c.js",
      "storefront.00920bc26dd9f0157bc6.css.map",
      "storefront.faf86fef779eeff38c9c.js.map"
    ],
    "vendors~app-cart": "chunk.05f41af9256f779a5bb5.js",
    "vendors~app-order": "chunk.878c16cbc8eb295039b0.js"
  }
}