{
  "title": "Contato",
  "meta_title": "Contato",
  "meta_description": "Contato",
  "body": "Seja bem vindo em nossa Loja virtual Fran Torres. Aqui o nosso propósito é oferecer roupas e acessórios femininos, para deixar você ainda mais linda e elegante. Oferecemos ainda, qualidade, preço acessível e um ótimo atendimento.com dúvidas sobre alguma coisa? Fale com a gente pelo [WhatsApp](https://web.whatsapp.com/send?phone=%2B5519981607339).\n\n\n\n(19) 9 8160-7339\nfran.torres.modas@gmail.com\nPiracicaba (SP) CEP 13401-734",
  "sections": [
    {
      "type": "breadcrumbs",
      "enabled": true
    },
    {
      "type": "extra-page",
      "enabled": true
    },
    {
      "type": "info-bar",
      "enabled": true
    }
  ]
}